coin_id,coin_name,symbol,price,volume_24h,market_cap,fully_diluted_valuation,circulating_supply,total_supply,max_supply,twitter_followers,facebook_likes,reddit_average_posts_48h,reddit_average_comments_48h,reddit_subscribers,reddit_accounts_active_48h,telegram_channel_user_count,forks,stars,subscribers,total_issues,closed_issues,pull_requests_merged,pull_request_contributors,code_additions_deletions_4_weeks_additions,code_additions_deletions_4_weeks_deletions,commit_count_4_weeks
cosmos,Cosmos,atom,39.13,2483887593,11119555004,0,285503087.983639,,,294617,,7.75,205.625,52265,298,18985,244,1038,148,76,35,39,21,0,0,0
kava,Kava,kava,4.22,81986583,614602716,0,146292594.0,156230380.0,,145513,,0.0,0.0,0,0,18915,228,317,33,139,100,705,24,151,0,1
iris-network,IRISnet,iris,0.084854,4921015,100724332,0,1191832342.17699,1993957077.0,,33643,,0.0,0.0,0,0,7093,0,0,0,0,0,0,0,,,0
starname,Starname,iov,0.065621,17830.91,8856461,0,134963184.926895,134963184.926895,,4771,,0.0,0.0,171,5,333,0,0,0,0,0,0,0,,,0
band-protocol,Band Protocol,band,5.8,136099485,240908140,579218287,41591943.0,100000000.0,100000000.0,120145,,0.333,9.417,6399,18,9320,53,218,20,1499,1380,910,19,0,0,0
akash-network,Akash Network,akt,2.57,3607650,319887655,997345520,124619632.543731,173622240.694836,388539008.0,62619,,0.364,2.273,4536,13,15503,99,542,40,627,535,1173,23,48,0,9
sentinel,Sentinel,dvpn,0.01152693,1682687,74620508,0,6477395607.2812,14004298529.0,,35620,,0.0,0.0,1172,7,7446,0,0,0,0,0,0,0,,,0
persistence,Persistence,xprt,5.54,4714096,403713960,2233127598,72911736.86965,125395272.856909,403308352.0,34472,,0.111,0.111,1957,9,13736,11,14,4,4,4,50,8,0,0,0
fetch-ai,Fetch.ai,fet,0.544105,125737395,373198764,0,688117804.9994855,1152997575.0,,90946,,1.286,8.0,7197,18,14404,17,29,12,17,10,141,12,14,-5,2
crypto-com-chain,Crypto.com Coin,cro,0.507124,351203372,12760090594,0,25263013692.0,30263013692.0,,1532605,,9.25,612.125,141506,1242,120252,216,306,36,319,306,280,16,14,-16,1
sifchain,Sifchain,erowan,0.164756,5052106,86197345,203482632,524912837.775189,1239140787.94242,1239140787.94242,30772,,0.0,0.0,0,0,3809,84,69,33,442,324,1228,52,156,-76,46
ki,KI,xki,0.259467,136874,0.0,0,0.0,14387441.0,,8003,,0.0,0.0,44,3,3625,5,0,3,4,3,2,1,0,0,0
osmosis,Osmosis,osmo,8.33,83287642,2202975980,8306719320,265204095.0,325000000.0,1000000000.0,49174,,0.0,0.0,0,0,10449,87,301,23,256,167,340,35,30409,-7029,32
medibloc,Medibloc,med,0.053029,31724632,286510565,0,5382401140.0,8591975063.70395,,21134,,0.0,0.0,1487,14,1686,11,7,6,0,0,0,0,0,0,0
certik,CertiK,ctk,1.52,10905868,94545384,0,62376906.641133,106221582.922353,,2180,,0.0,0.0,0,0,27109,0,0,0,0,0,0,0,,,0
e-money,e-Money,ngm,1.18,1078300,46320006,0,39247131.755253,102993397.0,,20342,,0.0,0.0,0,0,5652,0,0,0,0,0,0,0,,,0
verus-coin,Verus Coin,vrsc,0.607545,21920,40131130,0,66177276.8054201,83540184.0,,4198,,0.111,0.222,1031,10,,42,57,19,23,7,335,12,0,0,0
darwinia-network-native-token,Darwinia Network Native Token,ring,0.03932881,679991,20211267,392347610,515136744.02339,10000000000.0,10000000000.0,74747,,0.0,0.0,0,0,23176,0,0,0,0,0,0,0,,,0
bifrost,Bifrost,bfc,0.182478,5429061,198102714,723367018,1086844241.53819,3968584074.0,3968584074.0,39894,,0.0,0.0,0,0,34537,0,0,0,0,0,0,0,,,0
kardiachain,KardiaChain,kai,0.064723,2280133,202967836,323063439,3141300000.0,5000000000.0,5000000000.0,151632,,0.091,1.0,6856,9,6958,0,0,0,0,0,0,0,,,0
wanchain,Wanchain,wan,0.605601,4355807,116601689,126981710,192833713.940843,210000000.0,210000000.0,131669,,0.0,0.0,17419,15,10903,85,277,70,6,4,2,2,0,0,0
whitecoin,Whitecoin,xwc,0.806266,7989753,0.0,0,0.0,899197660.0,,11932,,0.0,0.0,2338,11,107905,8,20,8,10,10,11,4,0,0,0
icon,ICON,icx,1.13,61118427,783307852,0,693328524.826546,800460000.0,,160002,,0.778,15.222,34738,55,12706,32,74,25,31,31,537,19,4,0,1
quant-network,Quant,qnt,166.36,71581040,2209896821,2407351561,13413953.469289193,14612493.0,14612493.0,72070,,1.5,36.0,11315,81,2068,0,0,0,0,0,0,0,,,0
avalanche-2,Avalanche,AVAX,95.27,1300748454,23168520816,68358002326,244029000.551079,377752194.4695483,720000000.0,505583,,3.778,59.444,30654,133,45311,269,1318,112,325,285,262,25,874,-1248,29
polkadot,Polkadot,dot,26.57,1778582619,28356006283,0,1071712175.07958,1152661307.85048,,1069548,,1.273,19.455,37663,74,38870,1059,5018,455,1312,925,2654,149,17045,-8132,113
